City,Lat,Lng,Temp,Humidity,Cloudiness,Wind Speed,Country,Date
Carnarvon,-24.8667,113.6333,84.2,42,81,12.66,AU,1612126355
Busselton,-33.65,115.3333,61.25,84,0,3.0,AU,1612126356
Grand Gaube,-20.0064,57.6608,81.0,73,45,10.0,MU,1612126357
Port Alfred,-33.5906,26.891,72.0,84,9,4.0,ZA,1612126357
Nanortalik,60.1432,-45.2371,31.71,92,100,7.2,GL,1612126358
Nikolskoye,59.7035,30.7861,23.59,86,90,6.71,RU,1612126356
Santa Cruz Cabrália,-16.2781,-39.0247,82.4,65,40,12.66,BR,1612126359
Cidreira,-30.1811,-50.2056,78.51,89,100,2.82,BR,1612126359
Novyy Rogachik,48.6768,44.0608,35.29,93,40,13.42,RU,1612126360
Shimoda,34.6667,138.95,37.99,64,31,9.69,JP,1612126361
San Ignacio,17.1561,-89.0714,85.05,66,40,6.91,BZ,1612126210
Senno,59.5336,33.9167,18.75,98,99,5.14,RU,1612126362
Uíge,-7.6087,15.0613,67.93,94,83,0.34,AO,1612126362
São João da Barra,-21.6403,-41.0511,84.2,58,0,25.32,BR,1612126363
Ribeira Grande,38.5167,-28.7,64.4,82,75,13.8,PT,1612126364
Merauke,-8.4667,140.3333,77.43,92,100,9.24,ID,1612126364
Katsuura,35.1333,140.3,39.06,48,75,8.05,JP,1612126365
Rikitea,-23.1203,-134.9692,79.07,64,11,8.41,PF,1612126206
Hermanus,-34.4187,19.2345,64.0,89,100,3.0,ZA,1612126366
Acarí,-15.4311,-74.6158,81.57,44,0,10.36,PE,1612126206
Chui,-33.6971,-53.4616,69.15,86,100,17.67,UY,1612126368
Arlit,18.7369,7.3853,67.21,20,33,6.6,NE,1612126368
Bluff,-46.6,168.3333,58.53,75,49,2.62,NZ,1612126369
Asău,46.4333,26.4,30.0,70,100,3.09,RO,1612126369
Shache,38.4167,77.2406,22.46,82,74,1.79,CN,1612126370
Albany,42.6001,-73.9662,18.54,47,100,1.92,US,1612126113
Adrar,20.5022,-10.0711,70.05,20,18,7.81,MR,1612126371
Butaritari,3.0707,172.7902,80.4,83,39,15.1,KI,1612126361
Carnarvon,-24.8667,113.6333,84.2,42,81,12.66,AU,1612126355
Busselton,-33.65,115.3333,61.25,84,0,3.0,AU,1612126356
Grand Gaube,-20.0064,57.6608,81.0,73,45,10.0,MU,1612126357
Port Alfred,-33.5906,26.891,72.0,84,9,4.0,ZA,1612126357
Nanortalik,60.1432,-45.2371,31.71,92,100,7.2,GL,1612126358
Nikolskoye,59.7035,30.7861,23.59,86,90,6.71,RU,1612126356
Santa Cruz Cabrália,-16.2781,-39.0247,82.4,65,40,12.66,BR,1612126359
Cidreira,-30.1811,-50.2056,78.51,89,100,2.82,BR,1612126359
Novyy Rogachik,48.6768,44.0608,35.29,93,40,13.42,RU,1612126360
Shimoda,34.6667,138.95,37.99,64,31,9.69,JP,1612126361
San Ignacio,17.1561,-89.0714,85.05,66,40,6.91,BZ,1612126210
Senno,59.5336,33.9167,18.75,98,99,5.14,RU,1612126362
Uíge,-7.6087,15.0613,67.93,94,83,0.34,AO,1612126362
São João da Barra,-21.6403,-41.0511,84.2,58,0,25.32,BR,1612126363
Ribeira Grande,38.5167,-28.7,64.4,82,75,13.8,PT,1612126364
Merauke,-8.4667,140.3333,77.43,92,100,9.24,ID,1612126364
Katsuura,35.1333,140.3,39.06,48,75,8.05,JP,1612126365
Rikitea,-23.1203,-134.9692,79.07,64,11,8.41,PF,1612126206
Hermanus,-34.4187,19.2345,64.0,89,100,3.0,ZA,1612126366
Acarí,-15.4311,-74.6158,81.57,44,0,10.36,PE,1612126206
Chui,-33.6971,-53.4616,69.15,86,100,17.67,UY,1612126368
Arlit,18.7369,7.3853,67.21,20,33,6.6,NE,1612126368
Bluff,-46.6,168.3333,58.53,75,49,2.62,NZ,1612126369
Asău,46.4333,26.4,30.0,70,100,3.09,RO,1612126369
Shache,38.4167,77.2406,22.46,82,74,1.79,CN,1612126370
Albany,42.6001,-73.9662,18.54,47,100,1.92,US,1612126113
Adrar,20.5022,-10.0711,70.05,20,18,7.81,MR,1612126371
Butaritari,3.0707,172.7902,80.4,83,39,15.1,KI,1612126361
Alofi,-19.0595,-169.9187,77.0,88,75,10.36,NU,1612126489
Azul,-36.777,-59.8585,72.0,45,78,7.0,AR,1612126364
Saldanha,-33.0117,17.9442,66.54,86,92,13.42,ZA,1612126490
Constitución,-35.3333,-72.4167,64.31,72,14,12.3,CL,1612126491
Banamba,13.55,-7.45,72.7,18,77,7.63,ML,1612126492
Saint Paul Harbor,57.79,-152.4072,30.2,40,1,9.01,US,1612126494
Lebu,-37.6167,-73.65,60.6,78,2,16.69,CL,1612126494
Ushuaia,-54.8,-68.3,55.4,54,75,3.44,AR,1612126282
Cape Town,-33.9258,18.4232,67.95,83,75,10.36,ZA,1612126442
Quatre Cocos,-20.2078,57.7625,80.82,78,75,12.66,MU,1612126498
Barrow,71.2906,-156.7887,-20.2,76,1,8.05,US,1612126499
Mandera,3.9366,41.867,81.39,28,42,10.54,KE,1612126234
Geraldton,-28.7667,114.6,82.4,21,0,17.27,AU,1612126374
Punta Arenas,-53.15,-70.9167,57.09,54,0,28.77,CL,1612126274
Klaksvík,62.2266,-6.589,24.8,86,75,13.76,FO,1612126518
Bama,11.5221,13.6856,71.53,22,0,8.28,NG,1612126519
Lalín,42.7167,-8.1167,53.24,87,75,11.5,ES,1612126519
Kibala,9.1104,18.3463,77.0,44,0,2.48,TD,1612126520
Hong Kong,22.2855,114.1577,62.29,81,25,10.18,HK,1612126491
Bredasdorp,-34.5322,20.0403,64.0,89,100,3.0,ZA,1612126523
San Policarpo,12.1791,125.5072,79.12,81,99,16.37,PH,1612126524
Saint-Augustin,51.226,-58.6502,19.63,92,100,11.86,CA,1612126524
Saint-Philippe,-21.3585,55.7679,76.41,69,0,6.91,RE,1612126525
Volokolamsk,56.0336,35.9694,21.27,96,88,13.98,RU,1612126526
Bethel,41.3712,-73.414,22.28,50,75,3.53,US,1612126234
Hobart,-42.8794,147.3294,58.95,72,75,8.05,AU,1612126529
Shahreza,32.0339,51.8794,37.65,64,0,3.74,IR,1612126530
Bambous Virieux,-20.3428,57.7575,80.78,78,75,12.66,MU,1612126363
Kuvshinovo,57.0295,34.1725,20.73,97,99,7.29,RU,1612126531
Mataura,-46.1927,168.8643,65.28,55,59,2.17,NZ,1612126532
Arrondissement de Mende,44.6667,3.5,37.51,100,100,9.98,FR,1612126533
Gillette,44.2911,-105.5022,45.39,29,1,11.5,US,1612126534
Rossano,39.5751,16.6349,41.14,100,90,9.22,IT,1612126535
Pāvilosta,56.8879,21.1859,29.19,86,90,1.14,LV,1612126536
Mount Hagen,-5.8581,144.2274,61.45,92,100,0.65,PG,1612126536
Olinda,-8.0089,-34.8553,80.6,65,40,8.05,BR,1612126537
Mogadishu,2.0371,45.3438,76.24,79,0,22.3,SO,1612126538
Alexandria,31.2156,29.9553,57.2,77,0,4.61,EG,1612126404
Atuona,-9.8,-139.0333,78.71,76,51,17.76,PF,1612126207
Bilibino,68.0546,166.4372,-15.14,82,100,8.46,RU,1612126541
Qaanaaq,77.484,-69.3632,-3.73,89,100,0.98,GL,1612126541
Hithadhoo,-0.6,73.0833,82.45,76,94,13.71,MV,1612126542
Ponta do Sol,32.6667,-17.1,54.57,73,0,3.0,PT,1612126378
Kinkala,-4.3614,14.7644,75.2,83,20,5.75,CG,1612126545
Half Moon Bay,37.4636,-122.4286,59.7,71,1,6.91,US,1612126546
La Baule-Escoublac,47.2922,-2.364,52.27,94,90,13.8,FR,1612126546
Jacareacanga,-6.2222,-57.7528,83.95,79,17,2.19,BR,1612126547
Faanui,-16.4833,-151.75,81.18,77,96,10.89,PF,1612126549
Port Hardy,50.6996,-127.4199,42.39,93,75,10.67,CA,1612126550
Commerce,34.0006,-118.1598,66.79,24,1,3.44,US,1612126551
Ust-Tsilma,65.441,52.1498,21.88,97,100,7.96,RU,1612126552
Kayes,14.0,-11.0,81.21,12,56,7.52,ML,1612126553
Valdivia,-39.8142,-73.2459,80.6,39,75,16.11,CL,1612126479
Zharkent,44.1628,80.0,25.43,70,46,0.98,KZ,1612126555
Guadalupe y Calvo,26.1,-106.9667,68.59,23,81,5.14,MX,1612126556
Flinders,-34.5833,150.8552,67.77,90,89,1.01,AU,1612126557
Port Blair,11.6667,92.75,78.93,82,19,11.83,IN,1612126382
George Town,5.4112,100.3354,76.62,83,20,3.44,MY,1612126356
Dzhankoy,45.7167,34.4,42.8,80,100,6.6,UA,1612126559
East London,-33.0153,27.9116,75.31,80,35,16.49,ZA,1612126356
Meulaboh,4.1363,96.1285,75.54,87,77,4.05,ID,1612126561
Saint George,37.1041,-113.5841,52.27,53,1,3.8,US,1612126562
Mehamn,71.0357,27.8492,27.72,95,100,13.51,NO,1612126563
Mount Gambier,-37.8333,140.7667,53.6,94,99,6.91,AU,1612126406
Yellowknife,62.456,-114.3525,-4.88,84,90,4.61,CA,1612126358
Coyhaique,-45.5752,-72.0662,78.8,25,20,9.22,CL,1612126566
Rantepao,-2.9701,119.8978,66.02,80,100,2.8,ID,1612126566
Talnakh,69.4865,88.3972,-22.72,74,91,9.53,RU,1612126567
Kalabo,-14.97,22.6814,68.65,88,100,4.21,ZM,1612126568
Gao,16.6362,1.637,71.49,18,61,8.5,ML,1612126569
Kalmunai,7.4167,81.8167,76.19,87,3,4.5,LK,1612126570
The Valley,18.217,-63.0578,79.52,69,20,13.8,AI,1612126571
Avarua,-21.2078,-159.775,80.6,78,75,5.75,CK,1612126572
Leh,34.1667,77.5833,8.35,63,98,1.01,IN,1612126573
Bandarbeyla,9.4942,50.8122,73.09,70,19,17.67,SO,1612126574
Tuktoyaktuk,69.4541,-133.0374,-25.6,75,75,2.3,CA,1612126360
Port Elizabeth,-33.918,25.5701,71.6,78,90,16.11,ZA,1612126384
Mardin,37.3131,40.7436,36.5,100,98,5.93,TR,1612126576
Pizarro,4.9533,-77.366,82.83,72,36,5.61,CO,1612126577
Atar,20.5169,-13.0499,72.16,21,92,8.52,MR,1612126578
Kaitangata,-46.2817,169.8464,59.25,72,99,2.35,NZ,1612126579
Gornopravdinsk,60.05,69.9,4.59,95,93,3.56,RU,1612126581
Bereda,43.2686,-7.5406,52.65,85,92,13.0,ES,1612126581
Narsaq,60.9167,-46.05,39.2,30,75,18.41,GL,1612126582
Kiryat Gat,31.61,34.7642,52.97,85,0,5.79,IL,1612126584
Kapaa,22.0752,-159.319,74.52,73,40,13.8,US,1612126337
Vaini,-21.2,-175.2,75.2,94,90,11.5,TO,1612126586
Bubaque,11.2833,-15.8333,79.11,70,96,14.09,GW,1612126586
Provideniya,64.3833,-173.3,-4.16,89,100,24.47,RU,1612126587
Paamiut,61.994,-49.6678,23.18,90,0,13.02,GL,1612126588
Kichmengskiy Gorodok,59.9816,45.7854,29.44,98,100,9.33,RU,1612126590
Samaná,19.2056,-69.3369,82.4,78,75,9.22,DO,1612126591
Zlobin,45.2924,14.6541,39.0,83,100,3.0,HR,1612126591
Ilulissat,69.2167,-51.1,8.6,47,40,14.97,GL,1612126592
Ahipara,-35.1667,173.1667,67.96,58,0,5.26,NZ,1612126399
Urusha,54.05,122.9,-33.74,78,87,3.71,RU,1612126594
Harper,4.375,-7.7169,78.8,87,34,8.14,LR,1612126595
Zavetnoye,47.1194,43.8903,40.93,93,100,9.55,RU,1612126596
Esmeraldas,-19.7625,-44.3139,85.41,48,40,10.36,BR,1612126596
Puerto Ayora,-0.7393,-90.3518,82.87,66,0,10.36,EC,1612126597
Tefé,-3.3542,-64.7114,78.8,89,75,9.22,BR,1612126598
New Norfolk,-42.7826,147.0587,58.14,62,4,2.21,AU,1612126361
Dali,25.7,100.1833,39.54,78,17,2.82,CN,1612126600
Rosetta,31.4044,30.4164,57.2,77,0,4.61,EG,1612126601
Mar del Plata,-38.0023,-57.5575,64.13,68,90,16.11,AR,1612126586
Mackay,-21.15,149.2,76.86,73,40,14.97,AU,1612126603
Sambava,-14.2667,50.1667,77.61,82,5,7.2,MG,1612126453
Pacific Grove,36.6177,-121.9166,56.19,67,1,4.61,US,1612126605
Fukuechō,32.6881,128.8419,59.67,72,99,27.85,JP,1612126606
Bougouni,11.417,-7.479,76.93,16,0,5.01,ML,1612126606
Ransang,8.9603,117.5828,75.99,78,84,4.72,PH,1612126607
Borskoye,53.0333,51.7167,23.58,96,100,15.59,RU,1612126608
Chokurdakh,70.6333,147.9167,-24.7,86,74,12.44,RU,1612126361
São Joaquim,-28.2939,-49.9317,66.13,100,94,2.44,BR,1612126610
Margate,51.3813,1.3862,39.33,97,100,1.99,GB,1612126611
Lebane,42.9239,21.7375,45.07,61,75,10.36,RS,1612126612
Nuevo Progreso,23.1667,-97.95,79.95,55,80,8.01,MX,1612126612
Zaterechnyy,44.7931,45.2097,38.35,85,69,7.92,RU,1612126613
Hamilton,39.1834,-84.5333,38.32,93,90,1.97,US,1612126614
Puerto Palomas,31.7667,-107.6167,55.4,21,1,9.22,MX,1612126615
Phalaborwa,-23.943,31.1411,75.2,100,100,4.61,ZA,1612126616
Torbay,47.6666,-52.7314,30.92,93,90,16.11,CA,1612126617
Padang,-0.9492,100.3543,77.31,74,90,5.23,ID,1612126617
Fortuna,40.5982,-124.1573,52.45,100,40,21.85,US,1612126618
Pisco,-13.7,-76.2167,79.03,54,0,14.97,PE,1612126465
Ketchikan,55.3422,-131.6461,35.6,87,90,3.2,US,1612126620
Lagoa,39.05,-27.9833,62.1,84,100,25.32,PT,1612126621
Bose,45.4612,8.0137,43.39,93,71,2.73,IT,1612126622
Yangambi,0.8102,24.4336,72.55,68,30,2.37,CD,1612126622
Nikšić,42.7731,18.9445,45.82,93,75,2.3,ME,1612126623
Ambulu,-8.345,113.6058,75.56,87,100,3.27,ID,1612126624
Luancheng,37.8792,114.6517,21.2,86,67,2.24,CN,1612126576
Castro,-24.7911,-50.0119,69.84,89,99,5.1,BR,1612126544
Chara,56.9064,118.2631,-35.39,73,100,2.64,RU,1612126627
Klyuchevskiy,53.5317,119.4519,-26.48,85,100,3.27,RU,1612126628
Melfort,52.8667,-104.6177,17.6,79,5,6.91,CA,1612126628
Rocha,-34.4833,-54.3333,67.23,77,100,11.61,UY,1612126629
Gáldar,28.147,-15.6502,64.71,77,20,24.16,ES,1612126631
Gallup,35.5281,-108.7426,40.84,39,1,8.05,US,1612126632
Vardø,70.3705,31.1107,26.6,74,75,12.66,NO,1612126633
Longyearbyen,78.2186,15.6401,-0.4,55,0,14.97,SJ,1612126362
Boksitogorsk,59.474,33.8485,18.52,98,100,4.59,RU,1612126637
Weinan,34.5036,109.5089,36.09,68,0,4.47,CN,1612126638
Puerto Nariño,-3.7703,-70.3831,82.4,89,75,6.91,CO,1612126638
Luebo,-5.35,21.4167,72.14,94,100,0.65,CD,1612126639
Jōetsu,37.1483,138.2364,22.51,84,8,10.65,JP,1612126640
Lansing,42.7325,-84.5555,28.49,80,90,14.97,US,1612126479
Banff,51.1762,-115.5698,30.27,86,80,6.91,CA,1612126642
Pevek,69.7008,170.3133,-26.99,85,100,1.45,RU,1612126203
Kahului,20.8947,-156.47,73.69,69,20,17.27,US,1612126643
Dikson,73.5069,80.5464,-27.11,78,65,9.04,RU,1612126202
Aklavik,68.2191,-135.0107,-13.0,77,90,10.36,CA,1612126646
Port Hedland,-20.3167,118.5667,77.0,88,90,18.41,AU,1612126404
Mitzic,0.7821,11.549,70.99,95,100,4.43,GA,1612126647
Namatanai,-3.6667,152.4333,81.36,71,98,3.29,PG,1612126366
Clyde River,70.4692,-68.5914,-5.8,71,75,12.66,CA,1612126368
San Antonio,29.4241,-98.4936,72.46,25,1,19.57,US,1612126526
Rawson,-43.3002,-65.1023,79.97,26,42,25.08,AR,1612126652
Te Anau,-45.4167,167.7167,59.47,72,97,1.14,NZ,1612126652
Ancud,-41.8697,-73.8203,68.65,49,0,8.05,CL,1612126653
Province of Trapani,37.8333,12.6667,55.29,77,40,20.71,IT,1612126654
Airai,-8.9266,125.4092,61.39,100,100,4.03,TL,1612126360
Mocuba,-16.8392,36.9856,74.66,96,2,2.26,MZ,1612126656
Sungai Penuh,-2.0833,101.3833,64.67,90,100,3.27,ID,1612126657
Rio Grande,-32.035,-52.0986,80.64,74,75,11.5,BR,1612126416
Sokolo,14.7328,-6.1219,73.92,17,90,9.06,ML,1612126658
Jamestown,42.097,-79.2353,30.76,74,90,14.97,US,1612126659
Fort Nelson,58.8053,-122.7002,-13.0,77,75,3.44,CA,1612126660
Andenes,69.3143,16.1194,26.65,93,75,25.32,NO,1612126661
Eyl,7.9803,49.8164,72.64,74,7,13.89,SO,1612126402
Xining,36.6167,101.7667,12.76,65,0,3.24,CN,1612126662
Koplik,42.2136,19.4364,48.2,100,90,8.05,AL,1612126663
Turukhansk,65.8167,87.9833,-12.84,86,100,11.83,RU,1612126387
Yārāda,17.65,83.2667,77.0,78,75,2.3,IN,1612126666
Yerbogachën,61.2767,108.0108,-35.32,79,96,5.35,RU,1612126667
Santa Vitória do Palmar,-33.5189,-53.3681,70.45,84,100,17.81,BR,1612126668
Karratha,-20.7377,116.8463,85.91,54,99,13.42,AU,1612126669
Lata,40.1629,-8.3327,57.36,93,85,10.4,PT,1612126670
Tasiilaq,65.6145,-37.6368,14.0,57,40,3.44,GL,1612126671
Caracollo,-14.9165,-70.6603,60.17,45,87,3.96,PE,1612126672
Marsh Harbour,26.5412,-77.0636,72.14,69,100,16.93,BS,1612126673
Bengkulu,-3.8004,102.2655,74.97,83,88,5.12,ID,1612126674
Lac du Bonnet,50.2536,-96.0612,23.0,100,100,4.0,CA,1612126674
Khandyga,62.6667,135.6,-52.08,76,77,1.41,RU,1612126675
Iqaluit,63.7506,-68.5145,-2.2,78,90,3.44,CA,1612126676
Makakilo City,21.3469,-158.0858,74.86,65,40,8.05,US,1612126677
Alice Springs,-23.7,133.8833,83.3,34,56,5.75,AU,1612126678
Culit,8.9472,125.3569,74.01,90,100,2.57,PH,1612126679
Los Llanos de Aridane,28.6585,-17.9182,64.17,82,20,13.8,ES,1612126680
Iquique,-20.2208,-70.1431,73.4,60,0,18.41,CL,1612126438
Burley,42.5357,-113.7928,42.8,52,1,5.75,US,1612126542
Suleja,9.1758,7.1808,86.0,30,12,3.44,NG,1612126683
Tabou,4.423,-7.3528,78.4,88,41,7.67,CI,1612126684
Uvel'skiy,54.4446,61.3574,9.25,96,14,4.56,RU,1612126684
Katangli,51.7102,143.2326,-13.56,87,2,10.76,RU,1612126685
Fare,-16.7,-151.0167,81.16,76,97,11.56,PF,1612126686
Solnechnyy,50.7214,136.6319,-20.45,84,26,0.74,RU,1612126687
Seoul,37.5683,126.9778,39.38,87,75,4.61,KR,1612126621
Henties Bay,-22.116,14.2845,66.99,84,66,5.91,NA,1612126689
Assiut,27.181,31.1837,55.4,62,0,9.22,EG,1612126689
Tsimmerbude,54.675,20.1347,30.09,86,75,17.9,RU,1612126690
San Cristobal,7.7669,-72.225,95.0,29,20,13.8,VE,1612126540
Abay,49.6311,72.8539,12.2,73,0,6.71,KZ,1612126692
Araguaçu,-12.9306,-49.8264,82.54,76,59,5.06,BR,1612126450
Vao,-22.6667,167.4833,76.17,74,100,25.17,NC,1612126694
Altay,47.8667,88.1167,15.3,66,79,2.82,CN,1612126694
Camacha,33.0833,-16.3333,60.8,82,40,6.91,PT,1612126695
Cherëmukhovo,60.3484,59.9851,11.28,96,100,4.56,RU,1612126696
Tignère,7.3667,12.65,68.05,25,0,1.83,CM,1612126697
Toguchin,55.2353,84.3858,-7.85,81,30,4.09,RU,1612126698
Walvis Bay,-22.9575,14.5053,65.59,77,0,4.61,NA,1612126699
Nishihara,26.1842,127.7558,55.89,72,20,3.44,JP,1612126700
Arrondissement de Perpignan,42.75,2.75,60.8,51,20,13.8,FR,1612126701
Cedar City,37.6775,-113.0619,41.0,42,1,0.18,US,1612126466
Srednekolymsk,67.45,153.6833,-26.12,86,100,5.55,RU,1612126703
Kurchum,48.5722,83.6542,-0.18,86,79,2.98,KZ,1612126704
Mau,25.95,83.55,47.35,61,0,2.71,IN,1612126704
Shar,49.5886,81.0453,7.12,89,100,8.37,KZ,1612126705
Mareeba,-17.0,145.4333,73.72,83,40,9.22,AU,1612126706
Paignton,50.4357,-3.5679,40.73,98,100,1.99,GB,1612126707
Kachug,53.9606,105.8817,-36.74,78,15,0.74,RU,1612126708
Itarema,-2.9248,-39.9167,81.1,78,27,16.04,BR,1612126709
Elbasan,41.1125,20.0822,51.8,87,75,5.75,AL,1612126709
Saskylakh,71.9167,114.0833,-30.93,83,62,7.94,RU,1612126710
Vuktyl,63.8567,57.3094,22.28,97,100,13.31,RU,1612126711
Bainbridge Island,47.6262,-122.5212,45.05,87,90,8.72,US,1612126580
Rosetown,51.5501,-108.0014,3.2,78,23,1.14,CA,1612126714
Lano,10.1725,11.4715,75.49,20,0,5.39,NG,1612126714
São Filipe,14.8961,-24.4956,72.97,71,0,7.2,CV,1612126715
Lorengau,-2.0226,147.2712,82.62,81,95,8.28,PG,1612126716
Upernavik,72.7868,-56.1549,1.29,92,100,8.01,GL,1612126717
Burnie,-41.0667,145.9167,60.53,91,88,10.22,AU,1612126683
Khuzhir,53.1939,107.3397,-17.93,80,32,6.67,RU,1612126720
Lompoc,34.6391,-120.4579,60.33,58,1,4.61,US,1612126720
Hilo,19.7297,-155.09,71.73,69,90,6.91,US,1612126721
Carutapera,-1.195,-46.02,81.1,77,11,8.99,BR,1612126722
Cam Ranh,11.9214,109.1591,73.4,68,20,6.91,VN,1612126723
Sinnamary,5.3833,-52.95,78.17,80,43,14.38,GF,1612126724
Bedelē,8.456,36.353,58.23,56,25,2.77,ET,1612126725
Tebingtinggi,3.3285,99.1625,75.2,100,40,2.3,ID,1612126725
Nouadhibou,20.931,-17.0347,68.0,73,0,18.41,MR,1612126726
Arraial do Cabo,-22.9661,-42.0278,82.15,69,40,19.57,BR,1612126728
Roebourne,-20.7833,117.1333,85.51,57,100,12.28,AU,1612126729
Sistranda,63.7256,8.834,32.0,86,40,17.27,NO,1612126730
Traverse City,44.7631,-85.6206,32.45,55,90,11.5,US,1612126690
Thompson,55.7435,-97.8558,15.8,86,75,4.61,CA,1612126731
Kuldīga,56.974,21.9572,30.2,86,90,1.14,LV,1612126732
Sainte-Anne-des-Monts,49.124,-66.4924,19.4,86,100,12.66,CA,1612126733
Samarai,-10.6167,150.6667,81.93,75,2,12.53,PG,1612126734
Severo-Kuril'sk,50.6789,156.125,22.15,92,88,42.26,RU,1612126735
Mikhaylovka,50.06,43.2379,33.01,83,100,5.99,RU,1612126736
Deep River,46.1001,-77.4995,14.63,48,1,2.3,CA,1612126737
Beringovskiy,63.05,179.3167,11.79,96,100,27.34,RU,1612126738
High Level,58.5169,-117.136,-2.2,84,90,12.66,CA,1612126739
Nouakchott,18.0858,-15.9785,80.6,11,100,10.36,MR,1612126740
Souillac,-20.5167,57.5167,80.6,78,75,12.66,MU,1612126741
Soto la Marina,23.7667,-98.2167,82.0,63,100,10.0,MX,1612126741
Bam,29.106,58.357,53.55,43,0,3.51,IR,1612126742
Hambantota,6.1241,81.1185,76.96,81,0,12.71,LK,1612126743
Hall,34.3168,-83.7832,44.13,87,90,3.44,US,1612126744
Kulevcha,46.0303,29.9361,34.38,90,100,10.51,UA,1612126745
Mahon,39.8885,4.2658,55.4,82,0,6.91,ES,1612126746
Hermiston,45.8404,-119.2895,56.32,41,90,4.61,US,1612126746
Andros Town,24.7,-77.7667,75.2,64,75,12.66,BS,1612126747
Abu Samrah,35.3029,37.1841,47.5,84,2,7.63,SY,1612126748
Pascagoula,30.3658,-88.5561,75.7,60,1,17.43,US,1612126750
Launceston,-41.45,147.1667,58.01,88,40,4.61,AU,1612126751
Huarmey,-10.0681,-78.1522,76.32,65,12,13.51,PE,1612126751
West Melbourne,28.0717,-80.6534,76.35,57,1,14.97,US,1612126752
Sorong,-0.8833,131.25,80.02,82,100,7.4,ID,1612126753
Cherskiy,68.75,161.3,-18.17,82,94,6.26,RU,1612126755
Qui Nhon,13.7667,109.2333,70.2,85,100,8.16,VN,1612126756
Santiago de Cuba,20.0247,-75.8219,80.6,69,40,14.97,CU,1612126756
Fairbanks,64.8378,-147.7164,-5.58,84,90,0.6,US,1612126757
Vysha,53.8477,42.3777,23.2,95,100,13.06,RU,1612126758
Zhongxing,33.7039,118.6792,45.95,75,100,9.19,CN,1612126759
Kiunga,-6.1219,141.2906,72.34,98,100,1.79,PG,1612126760
Pasir Gudang,1.4584,103.8805,77.0,88,75,8.05,MY,1612126761
Savannah Bight,16.45,-85.85,81.82,69,75,9.22,HN,1612126761
Mahébourg,-20.4081,57.7,80.6,78,75,12.66,MU,1612126762
Poum,-20.2333,164.0167,79.16,74,100,15.97,NC,1612126763
Saint-Pierre,-21.3393,55.4781,76.57,69,0,6.91,RE,1612126764
Pangnirtung,66.1451,-65.7125,-5.8,84,90,3.11,CA,1612126765
La Santisima Trinidad,-14.8333,-64.9,87.8,66,20,11.5,BO,1612126729
Duliāgaon,27.3667,95.3167,56.07,75,13,2.39,IN,1612126629
Necochea,-38.5473,-58.7368,63.03,55,30,15.12,AR,1612126767
Aden,12.7794,45.0367,75.06,78,17,12.62,YE,1612126677
Juneau,58.3019,-134.4197,21.78,86,40,6.06,US,1612126769
Dhārchula,29.85,80.5333,44.17,43,0,5.73,IN,1612126770
Cabo San Lucas,22.8909,-109.9124,76.78,68,90,10.36,MX,1612126771
Nandu,22.8525,110.8233,59.63,75,12,1.23,CN,1612126771
Channel-Port aux Basques,47.5702,-59.1367,30.06,93,83,11.59,CA,1612126772
Kimamba,-6.7833,37.1333,71.53,87,100,4.52,TZ,1612126773
Nantucket,41.2835,-70.0995,27.75,69,90,6.91,US,1612126615
Buchanan,5.8808,-10.0467,78.8,94,75,7.92,LR,1612126775
Kruisfontein,-34.0033,24.7314,73.99,73,51,5.99,ZA,1612126776
Hervey Bay,-25.2986,152.8535,73.31,94,90,9.22,AU,1612126776
Siguiri,11.6667,-9.5,75.9,16,4,3.49,GN,1612126777
Waingapu,-9.6567,120.2641,77.54,84,100,9.95,ID,1612126778
Hegang,47.4,130.3667,-8.63,92,100,9.19,CN,1612126779
Gamba,-2.65,10.0,78.62,87,100,3.38,GA,1612126780
Varkaus,62.3153,27.873,19.83,86,90,1.14,FI,1612126781
Pforzheim,48.8833,8.7,37.62,94,100,4.0,DE,1612126782
Ubari,26.5921,12.7805,59.13,29,0,6.08,LY,1612126782
Caceres,39.522,-6.3748,55.99,90,34,10.0,ES,1612126783
Banda Aceh,5.5577,95.3222,77.27,83,77,13.71,ID,1612126784
Kindu,-2.95,25.95,71.58,89,100,2.13,CD,1612126750
Yuryuzan',54.8633,58.4219,21.33,93,4,5.84,RU,1612126786
Clyde,41.3042,-82.9752,30.99,93,100,1.99,US,1612126787
Columbus,39.9612,-82.9988,35.46,100,90,6.91,US,1612126534
Hermon,44.8101,-68.9134,24.58,33,1,3.44,US,1612126789
Coquimbo,-29.9533,-71.3436,68.0,83,75,12.66,CL,1612126790
Muros,42.7762,-9.0603,58.35,80,100,7.0,ES,1612126791
Khatanga,71.9667,102.5,-41.6,80,34,7.4,RU,1612126792
Zavodouspenskoye,56.8626,65.0155,10.4,85,20,4.47,RU,1612126792
Esperance,-33.8667,121.9,57.2,94,25,5.75,AU,1612126793
Batié,9.8833,-2.9167,80.31,16,27,3.31,BF,1612126794
Tshikapa,-6.4167,20.8,72.25,92,100,1.45,CD,1612126795
Tabasalu,59.4303,24.5331,20.8,100,90,5.82,EE,1612126796
Carlsbad,33.1581,-117.3506,66.6,28,1,5.68,US,1612126796
Hualmay,-11.0964,-77.6139,76.17,64,63,13.62,PE,1612126797
Norman Wells,65.282,-126.8329,-18.4,76,75,4.61,CA,1612126798
Zalari,53.5584,102.5065,-33.81,80,0,2.86,RU,1612126799
Ţalkhā,31.0539,31.3779,53.46,90,0,4.27,EG,1612126800
Chegdomyn,51.1167,133.0167,-34.13,81,6,1.52,RU,1612126801
Deputatsky,69.3,139.9,-32.66,86,95,1.74,RU,1612126805
Dzhebariki-Khaya,62.2167,135.8,-49.74,75,100,1.99,RU,1612126808
Sosnovo-Ozerskoye,52.5249,111.5418,-33.65,82,70,10.25,RU,1612126809
Sirohi,24.8833,72.8667,54.05,41,0,1.9,IN,1612126811
College,64.8569,-147.8028,-5.58,84,90,0.34,US,1612126812
Mounana,-1.4085,13.1586,72.0,93,61,2.64,GA,1612126813
Progreso,21.2833,-89.6667,86.36,45,75,9.22,MX,1612126706
Pangkalanbuun,-2.6833,111.6167,74.57,97,100,2.21,ID,1612126816
Pachino,36.7186,15.0907,50.31,87,75,10.36,IT,1612126817
Matara,5.9485,80.5353,74.68,88,19,7.07,LK,1612126818
Tombouctou,20.0,-3.0,68.88,20,37,7.38,ML,1612126819
Verkhnevilyuysk,63.4453,120.3167,-44.84,78,98,5.7,RU,1612126820
Siyabuswa,-25.1132,29.0445,73.71,80,100,3.76,ZA,1612126822
Westport,41.1415,-73.3579,22.82,50,90,5.08,US,1612126671
Bathsheba,13.2167,-59.5167,82.4,61,20,21.85,BB,1612126824
Yanam,16.7333,82.2167,70.95,87,1,3.71,IN,1612126824
Udachny,66.4167,112.4,-40.9,79,97,7.92,RU,1612126826
Palana,59.1167,159.9667,-6.84,92,100,28.83,RU,1612126826
Anshun,26.25,105.9333,45.59,93,100,5.93,CN,1612126828
Okhotsk,59.3833,143.3,-15.21,77,0,15.19,RU,1612126829
Havre-St-Pierre,50.2334,-63.5986,26.6,50,1,6.91,CA,1612126830
Gimli,50.6336,-96.9907,23.0,74,92,8.05,CA,1612126831
Leningradskiy,69.3833,178.4167,-20.72,86,97,10.33,RU,1612126832
Sabang,5.8933,95.3214,81.36,77,79,22.46,ID,1612126833
Te Horo,-40.8084,175.1233,65.07,73,64,1.99,NZ,1612126834
Chul'man,56.8479,124.9104,-46.12,76,100,5.66,RU,1612126835
Zhezkazgan,47.8043,67.7144,16.12,93,20,2.95,KZ,1612126836
Changji,44.0167,87.3167,3.2,85,75,2.24,CN,1612126837
San Quintín,30.4833,-115.95,63.1,50,92,4.88,MX,1612126838
Waterfoot,53.6929,-2.2525,32.31,85,100,13.49,GB,1612126839
Manta,-0.95,-80.7333,80.6,78,75,9.22,EC,1612126841
Hadrut,39.52,47.0318,41.52,64,38,1.83,AZ,1612126842
Teeli,51.0333,90.2333,-7.15,85,82,0.76,RU,1612126843
Winslow,35.0242,-110.6974,44.6,42,1,3.44,US,1612126844
Haapiti,-17.5667,-149.8667,86.0,62,40,11.5,PF,1612126845
Neuquén,-38.9516,-68.0591,69.8,49,40,8.05,AR,1612126846
Mossamedes,-15.1961,12.1522,74.05,73,100,7.02,AO,1612126847
Bulgan,48.8125,103.5347,-12.24,83,0,3.0,MN,1612126848
Zambezi,-13.5432,23.1047,67.14,92,100,2.66,ZM,1612126849
Nong’an,44.382,125.1685,12.2,79,90,8.95,CN,1612126850
Pitimbu,-7.4706,-34.8086,82.4,74,20,13.8,BR,1612126851
George,-33.963,22.4617,68.0,73,90,19.57,ZA,1612126852
Tawang Town,27.5833,91.8667,27.64,88,28,3.91,IN,1612126853
Tual,-5.6667,132.75,81.55,77,100,13.06,ID,1612126855
Chikola,43.1906,43.9209,28.72,93,40,2.24,RU,1612126856
Pathein,16.7833,94.7333,71.24,63,13,7.92,MM,1612126857
Kankakee,41.15,-87.8667,31.69,100,90,18.41,US,1612126763
Dunedin,-45.8742,170.5036,64.99,58,100,3.0,NZ,1612126836
Noshiro,40.2039,140.0242,24.82,92,77,6.69,JP,1612126859
Wanning,18.8003,110.3967,66.22,89,36,5.64,CN,1612126860
Liku,-0.7275,119.8922,74.1,87,95,1.86,ID,1612126862
Motygino,58.1831,94.7592,-34.46,81,47,2.8,RU,1612126862
Chase,50.8165,-119.6857,37.62,93,99,1.14,CA,1612126863
Laas,46.6166,10.7002,32.47,74,0,2.3,IT,1612126864
Gizo Government Station,-8.103,156.8419,84.99,70,97,16.35,SB,1612126865
Saint-Joseph,-21.3667,55.6167,77.86,69,0,6.91,RE,1612126866
Angoche,-16.2325,39.9086,80.49,77,100,12.06,MZ,1612126867
Wilmington,34.2257,-77.9447,58.57,82,90,11.5,US,1612126710
Arona,28.0996,-16.681,64.85,72,20,11.5,ES,1612126869
Inongo,-1.95,18.2667,75.31,81,5,3.51,CD,1612126870
Kavaratti,10.5669,72.642,81.25,72,0,9.57,IN,1612126870
Mastic Beach,40.7668,-72.8521,24.03,46,90,3.44,US,1612126871
Chernyshevskiy,63.0128,112.4714,-36.2,84,84,1.81,RU,1612126872
Hofn,64.2539,-15.2082,26.74,77,17,9.31,IS,1612126873
Katunino,64.3862,40.6298,23.0,93,90,4.47,RU,1612126596
Uyuni,-20.4597,-66.825,65.97,22,0,10.25,BO,1612126875
Yulara,-25.2406,130.9889,84.2,21,98,10.36,AU,1612126876
Olafsvik,64.8945,-23.7142,29.82,95,100,10.87,IS,1612126631
Kerikeri,-35.2268,173.9474,69.01,68,0,7.0,NZ,1612126590
Santa Fe,-31.6333,-60.7,69.01,87,96,3.0,AR,1612126609
Ternate,0.8,127.4,78.37,73,100,6.33,ID,1612126880
Hargeisa,9.56,44.065,58.39,77,0,10.11,SO,1612126880
Trincomalee,8.5711,81.2335,78.58,84,10,14.99,LK,1612126882
Wad Medani,14.4012,33.5199,72.05,21,0,11.32,SD,1612126883
Corn Island,12.1694,-83.0418,80.69,75,86,17.49,NI,1612126884
Kākināda,16.9333,82.2167,71.31,86,13,5.32,IN,1612126885
Garissa,-0.4536,39.6401,77.95,59,87,13.87,KE,1612126886
Seryshevo,51.0933,128.3786,-32.73,84,29,7.78,RU,1612126886
Manyana,-23.4,21.7167,73.42,75,100,3.49,BW,1612126887
Tiksi,71.6872,128.8694,-24.75,87,100,7.18,RU,1612126888
Vawkavysk,53.1561,24.4513,17.1,96,40,10.63,BY,1612126889
Bol,13.4586,14.7147,76.15,42,0,11.61,TD,1612126890
Simplício Mendes,-7.8539,-41.9103,80.53,65,100,4.0,BR,1612126891
Barraute,48.4335,-77.6328,8.69,66,20,5.75,CA,1612126891
Saint Anthony,45.0205,-93.218,33.66,69,90,11.5,US,1612126892
Kalemie,-5.9475,29.1947,70.92,84,100,5.59,CD,1612126893
Sitka,57.0531,-135.33,39.2,60,40,8.05,US,1612126894
Tuatapere,-46.1333,167.6833,62.83,64,8,2.33,NZ,1612126895
Cavalcante,-13.7975,-47.4583,79.23,66,70,1.25,BR,1612126896
Hasaki,35.7333,140.8333,33.78,60,75,5.75,JP,1612126897
Guhāgar,17.4842,73.1929,73.99,51,0,6.46,IN,1612126897
Ascension,30.2169,-90.9001,69.8,46,1,17.27,US,1612126898
Nadvoitsy,63.8667,34.3167,7.95,96,97,2.33,RU,1612126899
Erenhot,43.6475,111.9767,-5.89,88,41,4.94,CN,1612126901
Bilma,18.6853,12.9164,60.66,27,3,3.38,NE,1612126902
Agropoli,40.3469,14.9966,49.48,95,100,4.61,IT,1612126902
Prado,-17.3411,-39.2208,77.88,79,90,8.57,BR,1612126657
Puerto Madryn,-42.7692,-65.0385,76.6,32,6,23.35,AR,1612126904
Kavieng,-2.5744,150.7967,83.05,81,100,11.34,PG,1612126905
Maralal,1.0968,36.698,57.02,59,89,5.91,KE,1612126634
Posse,-14.0931,-46.3694,78.87,57,88,0.94,BR,1612126907
Yeppoon,-23.1333,150.7333,75.2,78,90,5.75,AU,1612126908
Dwārka,22.2394,68.9678,67.59,71,0,11.16,IN,1612126909
Murchison,-41.8,172.3333,65.7,44,22,1.48,NZ,1612126909
Lüderitz,-26.6481,15.1594,66.6,68,1,20.78,NA,1612126910
Panabá,21.2833,-88.2667,83.7,54,0,9.91,MX,1612126911
Raudeberg,61.9875,5.1352,30.0,94,100,2.71,NO,1612126912
Ibrā’,22.6906,58.5334,57.18,64,0,1.97,OM,1612126913
Abonnema,4.7084,6.7931,81.52,74,13,9.64,NG,1612126914
Calatayud,41.3535,-1.6432,55.87,42,0,4.61,ES,1612126915
Kathmandu,27.7167,85.3167,41.0,87,20,2.3,NP,1612126813
Talaya,61.3833,152.75,-31.04,81,100,8.97,RU,1612126916
Voi,-3.3945,38.563,70.66,87,100,2.51,KE,1612126917
Ocampo,21.65,-101.5,72.19,22,0,10.71,MX,1612126919
Yumen,40.2833,97.2,20.21,67,0,3.76,CN,1612126920
Madison,34.7334,-86.5667,58.26,63,90,10.36,US,1612126698
Guánica,17.9716,-66.908,79.25,60,19,3.0,PR,1612126922
La Ronge,55.1001,-105.2842,17.6,86,91,2.3,CA,1612126922
Sechenovo,55.2244,45.8906,23.4,95,97,20.56,RU,1612126923
Neryungri,56.6709,124.6491,-45.24,74,99,7.25,RU,1612126925
Sokol,59.4617,40.1206,18.46,97,100,7.29,RU,1612126926
Cabedelo,-6.9811,-34.8339,82.4,74,20,13.8,BR,1612126702
Codrington,-38.2667,141.9667,55.26,77,100,6.06,AU,1612126927
Kodinsk,58.6881,99.1844,-38.83,79,14,1.9,RU,1612126928
Chifeng,42.2683,118.9636,5.04,83,0,12.97,CN,1612126929
Cody,44.5263,-109.0565,45.86,25,25,14.97,US,1612126927
Sobolevo,54.4299,31.8996,19.85,96,87,13.09,RU,1612126931
Russell,32.3502,-85.1999,63.7,88,90,11.05,US,1612126932
Amahai,-3.3333,128.9167,78.66,76,100,4.05,ID,1612126933
Nome,64.5011,-165.4064,-3.32,55,40,9.22,US,1612126933
Khovd,48.0056,91.6419,3.34,88,36,2.39,MN,1612126934
Husavik,66.0449,-17.3389,-2.2,84,0,4.61,IS,1612126935
Tazovsky,67.4667,78.7,-11.24,90,100,14.38,RU,1612126936
Plettenberg Bay,-34.0527,23.3716,69.03,81,63,15.14,ZA,1612126937
Belyy Yar,53.6039,91.3903,-22.0,76,62,0.51,RU,1612126938
Soe,-9.8607,124.284,67.14,100,100,5.19,ID,1612126939
Gambo,4.6482,22.2633,72.52,32,34,1.59,CF,1612126940
Brae,60.3964,-1.353,32.0,93,75,10.36,GB,1612126941
Mae Sai,20.4335,99.8762,64.4,100,40,2.3,TH,1612126942
Acandí,8.5063,-77.2778,83.14,69,39,9.33,CO,1612126943
Changzhou,31.7833,119.9667,46.35,99,100,4.83,CN,1612126944
Berbera,10.4396,45.0143,73.99,75,0,7.87,SO,1612126944
Mīzan Teferī,6.9833,35.5833,67.51,59,0,2.46,ET,1612126945
Tessalit,20.1986,1.0114,66.06,21,63,8.77,ML,1612126946
Hīt,33.6416,42.8251,55.09,41,6,6.44,IQ,1612126947
Chimbote,-9.0853,-78.5783,75.7,67,8,12.66,PE,1612126759
Fountain Hills,33.6117,-111.7174,68.43,19,1,8.05,US,1612126704
Barpeta,26.3167,91.0,51.8,87,75,2.48,IN,1612126931
Port Hawkesbury,45.6169,-61.3485,30.65,80,40,9.22,CA,1612126815
Wuwei,37.9281,102.6414,21.87,67,0,1.05,CN,1612126951
Dingle,10.9995,122.6711,72.12,90,93,8.39,PH,1612126952
Hobyo,5.3505,48.5268,75.61,74,0,15.17,SO,1612126953
Igarka,67.4667,86.5833,-16.42,87,100,17.31,RU,1612126954
Ugoofaaru,5.6667,73.0,82.13,71,27,8.16,MV,1612126954
Camacupa,-12.0167,17.4833,64.29,93,100,4.05,AO,1612126955
Dalbandin,28.8947,64.4101,58.33,35,0,6.87,PK,1612126956
Redditch,52.3065,-1.9457,33.67,88,99,5.99,GB,1612126957
Nelson Bay,-32.7167,152.15,69.82,94,20,5.75,AU,1612126958
Penzance,50.1186,-5.5371,48.15,100,90,4.61,GB,1612126959
Charagua,-19.8,-63.2167,80.6,57,75,5.61,BO,1612126960
Bagdarin,54.4333,113.6,-26.18,77,87,4.61,RU,1612126960
Bay Roberts,47.5999,-53.2648,31.28,93,90,16.11,CA,1612126961
Rome,43.2128,-75.4557,19.78,57,1,6.91,US,1612126685
Gulariyā,28.2333,81.3333,46.9,55,0,2.1,NP,1612126963
Ziro,27.6333,93.8333,32.13,100,0,2.68,IN,1612126964
Cayenne,4.9333,-52.3333,82.4,74,75,12.66,GF,1612126965
Aasiaat,68.7098,-52.8699,-3.55,92,75,7.7,GL,1612126966
Illapel,-31.6308,-71.1653,75.15,48,5,9.8,CL,1612126967
Umm Hājar,13.2954,19.6966,77.61,17,0,9.84,TD,1612126968
North Battleford,52.7834,-108.2847,8.6,85,1,13.8,CA,1612126969
Beloha,-25.1667,45.05,77.52,80,0,5.12,MG,1612126970
Haines Junction,60.7522,-137.5108,-7.6,77,84,1.14,CA,1612126971
Medina,24.4686,39.6142,68.0,26,0,4.61,SA,1612126725
Camopi,3.1655,-52.3158,74.88,96,100,4.41,GF,1612126972
Antofagasta,-23.65,-70.4,71.6,64,20,16.11,CL,1612126864
Orchard Homes,46.8633,-114.0484,41.94,49,1,13.8,US,1612126974
Ayan,56.45,138.1667,-20.06,73,100,13.29,RU,1612126975
Dustlik,40.5247,68.0358,50.36,75,100,4.18,UZ,1612126976
Río Gallegos,-51.6226,-69.2181,77.0,16,0,20.71,AR,1612126890
Arman',59.7,150.1667,-17.68,76,98,14.18,RU,1612126978
Sisimiut,66.9395,-53.6735,5.32,82,30,6.93,GL,1612126980
Fomboni,-12.28,43.7425,83.59,74,47,11.99,KM,1612126981
Changping,40.2186,116.2197,31.19,86,0,4.47,CN,1612126981
Gamboma,-1.8764,15.8644,74.3,81,41,0.81,CG,1612126982
Teguise,29.0605,-13.564,64.4,82,20,26.46,ES,1612126983
Najrān,17.4924,44.1277,59.0,36,0,2.3,SA,1612126984
Thomasville,35.8826,-80.082,35.73,93,99,2.37,US,1612126699
Aksarka,66.5606,67.7975,-17.28,88,94,7.25,RU,1612126986
Green River,41.5286,-109.4662,33.8,47,1,8.05,US,1612126987
Vestmannaeyjar,63.4427,-20.2734,32.86,88,94,14.5,IS,1612126988
Chesma,53.8111,60.6533,9.55,96,73,3.69,RU,1612126989
Batagay,67.6333,134.6333,-50.3,76,86,0.87,RU,1612126990
Buy,58.4786,41.53,21.9,97,100,11.41,RU,1612126991
Bosaso,11.2842,49.1816,71.17,69,0,2.21,SO,1612126992
Alyangula,-13.8483,136.4192,78.8,94,93,14.32,AU,1612126993
Balkanabat,39.5108,54.3671,47.19,63,0,2.91,TM,1612126993
Usinsk,65.9939,57.5281,12.83,96,100,9.13,RU,1612126994
Empalme,27.9667,-110.8167,78.85,38,20,11.5,MX,1612126827
Micheweni,-4.9667,39.8333,80.17,76,62,14.7,TZ,1612126996
Laem Sing,12.4816,102.0738,71.2,91,63,4.52,TH,1612126997
Det Udom,14.906,105.0784,68.0,83,22,5.75,TH,1612126998
Monrovia,6.3005,-10.7969,78.8,94,75,9.62,LR,1612126999
Curuçá,-0.7289,-47.8481,80.87,77,12,7.78,BR,1612126999
Port Augusta,-32.5,137.7667,68.0,83,100,17.27,AU,1612127001
Marawi,7.9986,124.2928,73.99,94,100,5.01,PH,1612127002
Caibarién,22.5206,-79.4669,82.4,57,40,9.22,CU,1612127003
Tarata,-17.6167,-66.0167,73.11,27,75,10.36,BO,1612127004
Port Macquarie,-31.4333,152.9167,70.32,100,75,5.93,AU,1612127004
Tiarei,-17.5333,-149.3333,86.0,62,40,12.66,PF,1612127005
Vulcan,45.3833,23.2667,35.24,91,100,5.28,RO,1612127006
Faya,18.3851,42.4509,55.31,50,0,4.61,SA,1612127007
Araouane,18.9048,-3.5265,70.29,18,21,9.44,ML,1612127008
Ulladulla,-35.35,150.4667,64.35,100,75,0.47,AU,1612127009
Coruripe,-10.1256,-36.1756,79.21,77,81,10.69,BR,1612127009
Kaseda-shirakame,31.4167,130.3167,41.0,70,3,4.0,JP,1612126971
Havøysund,70.9963,24.6622,28.38,86,75,11.5,NO,1612127011
Puerto Colombia,10.9878,-74.9547,87.8,55,0,14.97,CO,1612127012
Sapouy,11.5544,-1.7736,78.75,16,49,6.78,BF,1612127013
Yugorsk,61.3133,63.3319,4.57,95,100,7.7,RU,1612127014
San Andrés,12.5847,-81.7006,84.2,70,20,13.8,CO,1612127015
Steinbach am Taunus,50.1667,8.5667,34.88,93,75,10.36,DE,1612127016
Boljevac,43.8303,21.9531,38.32,7,100,8.12,RS,1612127017
Dubbo,-32.25,148.6167,69.8,83,0,11.5,AU,1612126814
Egvekinot,66.3167,-179.1667,-12.6,87,100,17.65,RU,1612126807
Sørland,67.667,12.6934,19.4,86,0,3.44,NO,1612127020
Ostrovnoy,68.0531,39.5131,13.39,94,84,6.93,RU,1612127020
Tselinnoye,53.0833,85.6667,5.13,88,6,7.61,RU,1612127021
Baghdad,33.3406,44.4009,53.6,54,0,6.91,IQ,1612127022
Punta Gorda,26.9298,-82.0454,74.91,61,20,14.97,US,1612127023
Antalaha,-14.9003,50.2788,76.35,81,22,5.3,MG,1612127024
Luanda,-8.8368,13.2343,82.4,74,20,9.22,AO,1612126845
Buala,-8.145,159.5921,83.28,78,100,14.99,SB,1612127025
Cockburn Town,21.4612,-71.1419,74.62,73,84,21.0,TC,1612127026
Marabu,4.4148,114.0089,78.4,94,40,4.61,MY,1612127027
Abu Dhabi,24.4667,54.3667,66.2,72,0,5.75,AE,1612126805
Deogarh,21.5333,84.7333,50.76,39,0,1.52,IN,1612127029
Ankazoabo,-22.2833,44.5167,73.06,89,2,5.17,MG,1612127030
Capelinha,-17.6914,-42.5158,70.7,78,50,5.75,BR,1612127030
Āreka,7.0667,37.7,62.37,39,1,8.05,ET,1612127031
Oltu,40.5498,42.0013,27.3,88,45,7.0,TR,1612127032
Atherton,53.5237,-2.4935,36.28,61,97,4.0,GB,1612127033
